category,symbol_id,source_dwg,library_title,retained_attributes,omitted_attributes
1.0 Wiring Methods,1-001,1.0 Wiring Methods/1-001.dwg,1.0 Wiring Methods — 1-001,,
1.0 Wiring Methods,1-002,1.0 Wiring Methods/1-002.dwg,1.0 Wiring Methods — 1-002,,
1.0 Wiring Methods,1-003,1.0 Wiring Methods/1-003.dwg,1.0 Wiring Methods — 1-003,,
1.0 Wiring Methods,1-004,1.0 Wiring Methods/1-004.dwg,1.0 Wiring Methods — 1-004,,
1.0 Wiring Methods,1-005,1.0 Wiring Methods/1-005.dwg,1.0 Wiring Methods — 1-005,,
1.0 Wiring Methods,1-006,1.0 Wiring Methods/1-006.dwg,1.0 Wiring Methods — 1-006,,
1.0 Wiring Methods,1-007,1.0 Wiring Methods/1-007.dwg,1.0 Wiring Methods — 1-007,,
1.0 Wiring Methods,1-008,1.0 Wiring Methods/1-008.dwg,1.0 Wiring Methods — 1-008,,
1.0 Wiring Methods,1-009,1.0 Wiring Methods/1-009.dwg,1.0 Wiring Methods — 1-009,,
1.0 Wiring Methods,1-010,1.0 Wiring Methods/1-010.dwg,1.0 Wiring Methods — 1-010,,
1.0 Wiring Methods,1-011,1.0 Wiring Methods/1-011.dwg,1.0 Wiring Methods — 1-011,,
1.0 Wiring Methods,1-012,1.0 Wiring Methods/1-012.dwg,1.0 Wiring Methods — 1-012,,
1.0 Wiring Methods,1-013,1.0 Wiring Methods/1-013.dwg,1.0 Wiring Methods — 1-013,,
1.0 Wiring Methods,1-014,1.0 Wiring Methods/1-014.dwg,1.0 Wiring Methods — 1-014,,
1.0 Wiring Methods,1-101,1.0 Wiring Methods/1-101.dwg,1.0 Wiring Methods — 1-101,,
1.0 Wiring Methods,1-102,1.0 Wiring Methods/1-102.dwg,1.0 Wiring Methods — 1-102,,
1.0 Wiring Methods,1-103,1.0 Wiring Methods/1-103.dwg,1.0 Wiring Methods — 1-103,,
1.0 Wiring Methods,1-104,1.0 Wiring Methods/1-104.dwg,1.0 Wiring Methods — 1-104,,
1.0 Wiring Methods,1-105,1.0 Wiring Methods/1-105.dwg,1.0 Wiring Methods — 1-105,,
1.0 Wiring Methods,1-106,1.0 Wiring Methods/1-106.dwg,1.0 Wiring Methods — 1-106,,
1.0 Wiring Methods,1-107,1.0 Wiring Methods/1-107.dwg,1.0 Wiring Methods — 1-107,,
1.0 Wiring Methods,1-108,1.0 Wiring Methods/1-108.dwg,1.0 Wiring Methods — 1-108,,
1.0 Wiring Methods,1-201,1.0 Wiring Methods/1-201.dwg,1.0 Wiring Methods — 1-201,,
1.0 Wiring Methods,1-202,1.0 Wiring Methods/1-202.dwg,1.0 Wiring Methods — 1-202,,
1.0 Wiring Methods,1-203,1.0 Wiring Methods/1-203.dwg,1.0 Wiring Methods — 1-203,,
1.0 Wiring Methods,1-204,1.0 Wiring Methods/1-204.dwg,1.0 Wiring Methods — 1-204,,
1.0 Wiring Methods,1-205,1.0 Wiring Methods/1-205.dwg,1.0 Wiring Methods — 1-205,PB=F,
1.0 Wiring Methods,1-205a,1.0 Wiring Methods/1-205a.dwg,1.0 Wiring Methods — 1-205a,,
1.0 Wiring Methods,1-206,1.0 Wiring Methods/1-206.dwg,1.0 Wiring Methods — 1-206,,
1.0 Wiring Methods,1-207,1.0 Wiring Methods/1-207.dwg,1.0 Wiring Methods — 1-207,,
1.0 Wiring Methods,1-208,1.0 Wiring Methods/1-208.dwg,1.0 Wiring Methods — 1-208,,
1.0 Wiring Methods,1-209,1.0 Wiring Methods/1-209.dwg,1.0 Wiring Methods — 1-209,,
1.0 Wiring Methods,1-210,1.0 Wiring Methods/1-210.dwg,1.0 Wiring Methods — 1-210,,
1.0 Wiring Methods,1-211,1.0 Wiring Methods/1-211.dwg,1.0 Wiring Methods — 1-211,,
1.0 Wiring Methods,1-212,1.0 Wiring Methods/1-212.dwg,1.0 Wiring Methods — 1-212,,
1.0 Wiring Methods,1-213,1.0 Wiring Methods/1-213.dwg,1.0 Wiring Methods — 1-213,,
2.0 Luminaire Fixtures,2-001,2.0 Luminaire Fixtures/2-001.dwg,2.0 Luminaire Fixtures — 2-001,,
2.0 Luminaire Fixtures,2-002,2.0 Luminaire Fixtures/2-002.dwg,2.0 Luminaire Fixtures — 2-002,,
2.0 Luminaire Fixtures,2-003,2.0 Luminaire Fixtures/2-003.dwg,2.0 Luminaire Fixtures — 2-003,,
2.0 Luminaire Fixtures,2-004,2.0 Luminaire Fixtures/2-004.dwg,2.0 Luminaire Fixtures — 2-004,,
2.0 Luminaire Fixtures,2-005,2.0 Luminaire Fixtures/2-005.dwg,2.0 Luminaire Fixtures — 2-005,,
2.0 Luminaire Fixtures,2-006,2.0 Luminaire Fixtures/2-006.dwg,2.0 Luminaire Fixtures — 2-006,,
2.0 Luminaire Fixtures,2-007,2.0 Luminaire Fixtures/2-007.dwg,2.0 Luminaire Fixtures — 2-007,,
2.0 Luminaire Fixtures,2-008,2.0 Luminaire Fixtures/2-008.dwg,2.0 Luminaire Fixtures — 2-008,,
2.0 Luminaire Fixtures,2-009,2.0 Luminaire Fixtures/2-009.dwg,2.0 Luminaire Fixtures — 2-009,,
2.0 Luminaire Fixtures,2-010,2.0 Luminaire Fixtures/2-010.dwg,2.0 Luminaire Fixtures — 2-010,,
2.0 Luminaire Fixtures,2-011,2.0 Luminaire Fixtures/2-011.dwg,2.0 Luminaire Fixtures — 2-011,,
2.0 Luminaire Fixtures,2-012,2.0 Luminaire Fixtures/2-012.dwg,2.0 Luminaire Fixtures — 2-012,,
2.0 Luminaire Fixtures,2-013,2.0 Luminaire Fixtures/2-013.dwg,2.0 Luminaire Fixtures — 2-013,,
2.0 Luminaire Fixtures,2-100,2.0 Luminaire Fixtures/2-100.dwg,2.0 Luminaire Fixtures — 2-100,,
2.0 Luminaire Fixtures,2-200,2.0 Luminaire Fixtures/2-200.dwg,2.0 Luminaire Fixtures — 2-200,,
2.0 Luminaire Fixtures,2-300,2.0 Luminaire Fixtures/2-300.dwg,2.0 Luminaire Fixtures — 2-300,,
2.0 Luminaire Fixtures,2-401,2.0 Luminaire Fixtures/2-401.dwg,2.0 Luminaire Fixtures — 2-401,,
2.0 Luminaire Fixtures,2-402,2.0 Luminaire Fixtures/2-402.dwg,2.0 Luminaire Fixtures — 2-402,,
2.0 Luminaire Fixtures,2-403,2.0 Luminaire Fixtures/2-403.dwg,2.0 Luminaire Fixtures — 2-403,,
2.0 Luminaire Fixtures,2-404,2.0 Luminaire Fixtures/2-404.dwg,2.0 Luminaire Fixtures — 2-404,,
3.0 Outlets & Receptacles,3-001,3.0 Outlets & Receptacles/3-001.dwg,3.0 Outlets & Receptacles — 3-001,F=F,PANEL/CIRCUIT#=XX-X CKT.X
3.0 Outlets & Receptacles,3-002,3.0 Outlets & Receptacles/3-002.dwg,3.0 Outlets & Receptacles — 3-002,,
3.0 Outlets & Receptacles,3-003,3.0 Outlets & Receptacles/3-003.dwg,3.0 Outlets & Receptacles — 3-003,,
3.0 Outlets & Receptacles,3-004,3.0 Outlets & Receptacles/3-004.dwg,3.0 Outlets & Receptacles — 3-004,,
3.0 Outlets & Receptacles,3-005,3.0 Outlets & Receptacles/3-005.dwg,3.0 Outlets & Receptacles — 3-005,,
3.0 Outlets & Receptacles,3-006,3.0 Outlets & Receptacles/3-006.dwg,3.0 Outlets & Receptacles — 3-006,,
3.0 Outlets & Receptacles,3-007,3.0 Outlets & Receptacles/3-007.dwg,3.0 Outlets & Receptacles — 3-007,,
3.0 Outlets & Receptacles,3-008,3.0 Outlets & Receptacles/3-008.dwg,3.0 Outlets & Receptacles — 3-008,,
3.0 Outlets & Receptacles,3-009,3.0 Outlets & Receptacles/3-009.dwg,3.0 Outlets & Receptacles — 3-009,,TYPE=X
3.0 Outlets & Receptacles,3-010,3.0 Outlets & Receptacles/3-010.dwg,3.0 Outlets & Receptacles — 3-010,,
3.0 Outlets & Receptacles,3-011,3.0 Outlets & Receptacles/3-011.dwg,3.0 Outlets & Receptacles — 3-011,,#TYPE=
3.0 Outlets & Receptacles,3-011a,3.0 Outlets & Receptacles/3-011a.dwg,3.0 Outlets & Receptacles — 3-011a,,#TYPE=
3.0 Outlets & Receptacles,3-012,3.0 Outlets & Receptacles/3-012.dwg,3.0 Outlets & Receptacles — 3-012,C=C,
3.0 Outlets & Receptacles,3-013,3.0 Outlets & Receptacles/3-013.dwg,3.0 Outlets & Receptacles — 3-013,F=F,
3.0 Outlets & Receptacles,3-014,3.0 Outlets & Receptacles/3-014.dwg,3.0 Outlets & Receptacles — 3-014,,
3.0 Outlets & Receptacles,3-014a,3.0 Outlets & Receptacles/3-014a.dwg,3.0 Outlets & Receptacles — 3-014a,,
3.0 Outlets & Receptacles,3-015,3.0 Outlets & Receptacles/3-015.dwg,3.0 Outlets & Receptacles — 3-015,,
3.0 Outlets & Receptacles,3-016,3.0 Outlets & Receptacles/3-016.dwg,3.0 Outlets & Receptacles — 3-016,,
3.0 Outlets & Receptacles,Outlet & Receptacle Abbreviation Legend,3.0 Outlets & Receptacles/Outlet & Receptacle Abbreviation Legend.dwg,3.0 Outlets & Receptacles — Outlet & Receptacle Abbreviation Legend,,
4.0 Switches & Sensors,4-001,4.0 Switches & Sensors/4-001.dwg,4.0 Switches & Sensors — 4-001,,
4.0 Switches & Sensors,4-001a,4.0 Switches & Sensors/4-001a.dwg,4.0 Switches & Sensors — 4-001a,,
4.0 Switches & Sensors,4-002,4.0 Switches & Sensors/4-002.dwg,4.0 Switches & Sensors — 4-002,,
4.0 Switches & Sensors,4-002a,4.0 Switches & Sensors/4-002a.dwg,4.0 Switches & Sensors — 4-002a,,
4.0 Switches & Sensors,4-003,4.0 Switches & Sensors/4-003.dwg,4.0 Switches & Sensors — 4-003,,
4.0 Switches & Sensors,4-003a,4.0 Switches & Sensors/4-003a.dwg,4.0 Switches & Sensors — 4-003a,,
4.0 Switches & Sensors,4-004,4.0 Switches & Sensors/4-004.dwg,4.0 Switches & Sensors — 4-004,,
4.0 Switches & Sensors,4-004a,4.0 Switches & Sensors/4-004a.dwg,4.0 Switches & Sensors — 4-004a,,
4.0 Switches & Sensors,4-005,4.0 Switches & Sensors/4-005.dwg,4.0 Switches & Sensors — 4-005,,
4.0 Switches & Sensors,4-005a,4.0 Switches & Sensors/4-005a.dwg,4.0 Switches & Sensors — 4-005a,,
4.0 Switches & Sensors,4-006,4.0 Switches & Sensors/4-006.dwg,4.0 Switches & Sensors — 4-006,,
4.0 Switches & Sensors,4-006a,4.0 Switches & Sensors/4-006a.dwg,4.0 Switches & Sensors — 4-006a,,
4.0 Switches & Sensors,4-007,4.0 Switches & Sensors/4-007.dwg,4.0 Switches & Sensors — 4-007,,
4.0 Switches & Sensors,4-007a,4.0 Switches & Sensors/4-007a.dwg,4.0 Switches & Sensors — 4-007a,,
4.0 Switches & Sensors,4-008,4.0 Switches & Sensors/4-008.dwg,4.0 Switches & Sensors — 4-008,,
4.0 Switches & Sensors,4-008a,4.0 Switches & Sensors/4-008a.dwg,4.0 Switches & Sensors — 4-008a,,
4.0 Switches & Sensors,4-009,4.0 Switches & Sensors/4-009.dwg,4.0 Switches & Sensors — 4-009,,
4.0 Switches & Sensors,4-009a,4.0 Switches & Sensors/4-009a.dwg,4.0 Switches & Sensors — 4-009a,,
4.0 Switches & Sensors,4-010,4.0 Switches & Sensors/4-010.dwg,4.0 Switches & Sensors — 4-010,,
4.0 Switches & Sensors,4-010a,4.0 Switches & Sensors/4-010a.dwg,4.0 Switches & Sensors — 4-010a,,
4.0 Switches & Sensors,4-011,4.0 Switches & Sensors/4-011.dwg,4.0 Switches & Sensors — 4-011,,
4.0 Switches & Sensors,4-011a,4.0 Switches & Sensors/4-011a.dwg,4.0 Switches & Sensors — 4-011a,,
4.0 Switches & Sensors,4-012,4.0 Switches & Sensors/4-012.dwg,4.0 Switches & Sensors — 4-012,,
4.0 Switches & Sensors,4-012a,4.0 Switches & Sensors/4-012a.dwg,4.0 Switches & Sensors — 4-012a,,
4.0 Switches & Sensors,4-013,4.0 Switches & Sensors/4-013.dwg,4.0 Switches & Sensors — 4-013,,
4.0 Switches & Sensors,4-013a,4.0 Switches & Sensors/4-013a.dwg,4.0 Switches & Sensors — 4-013a,,
4.0 Switches & Sensors,4-014,4.0 Switches & Sensors/4-014.dwg,4.0 Switches & Sensors — 4-014,,
4.0 Switches & Sensors,4-014a,4.0 Switches & Sensors/4-014a.dwg,4.0 Switches & Sensors — 4-014a,,
4.0 Switches & Sensors,4-015,4.0 Switches & Sensors/4-015.dwg,4.0 Switches & Sensors — 4-015,,
4.0 Switches & Sensors,4-015a,4.0 Switches & Sensors/4-015a.dwg,4.0 Switches & Sensors — 4-015a,,
4.0 Switches & Sensors,4-016,4.0 Switches & Sensors/4-016.dwg,4.0 Switches & Sensors — 4-016,,
4.0 Switches & Sensors,4-016a,4.0 Switches & Sensors/4-016a.dwg,4.0 Switches & Sensors — 4-016a,,
4.0 Switches & Sensors,4-017,4.0 Switches & Sensors/4-017.dwg,4.0 Switches & Sensors — 4-017,,
4.0 Switches & Sensors,4-017a,4.0 Switches & Sensors/4-017a.dwg,4.0 Switches & Sensors — 4-017a,,
4.0 Switches & Sensors,4-018,4.0 Switches & Sensors/4-018.dwg,4.0 Switches & Sensors — 4-018,,
4.0 Switches & Sensors,4-019,4.0 Switches & Sensors/4-019.dwg,4.0 Switches & Sensors — 4-019,M=M,
4.0 Switches & Sensors,4-020,4.0 Switches & Sensors/4-020.dwg,4.0 Switches & Sensors — 4-020,,
4.0 Switches & Sensors,4-021,4.0 Switches & Sensors/4-021.dwg,4.0 Switches & Sensors — 4-021,,
4.0 Switches & Sensors,4-021a,4.0 Switches & Sensors/4-021a.dwg,4.0 Switches & Sensors — 4-021a,,
5.0 Motors-Controls,5-001,5.0 Motors-Controls/5-001.dwg,5.0 Motors-Controls — 5-001,AMPS=A,
5.0 Motors-Controls,5-002,5.0 Motors-Controls/5-002.dwg,5.0 Motors-Controls — 5-002,F=F,XX=xx
5.0 Motors-Controls,5-003,5.0 Motors-Controls/5-003.dwg,5.0 Motors-Controls — 5-003,CB=CB,XX=xx
5.0 Motors-Controls,5-004,5.0 Motors-Controls/5-004.dwg,5.0 Motors-Controls — 5-004,C=C,
5.0 Motors-Controls,5-005,5.0 Motors-Controls/5-005.dwg,5.0 Motors-Controls — 5-005,,
5.0 Motors-Controls,5-006,5.0 Motors-Controls/5-006.dwg,5.0 Motors-Controls — 5-006,,
5.0 Motors-Controls,5-007,5.0 Motors-Controls/5-007.dwg,5.0 Motors-Controls — 5-007,RV=RV,NEMA-XX=NEMA xx
5.0 Motors-Controls,5-008,5.0 Motors-Controls/5-008.dwg,5.0 Motors-Controls — 5-008,F=F,NEMA-XX=NEMA xx; XXA-XP=xxA-xP
5.0 Motors-Controls,5-009,5.0 Motors-Controls/5-009.dwg,5.0 Motors-Controls — 5-009,,
5.0 Motors-Controls,5-010,5.0 Motors-Controls/5-010.dwg,5.0 Motors-Controls — 5-010,,
5.0 Motors-Controls,5-011,5.0 Motors-Controls/5-011.dwg,5.0 Motors-Controls — 5-011,,
5.0 Motors-Controls,5-012,5.0 Motors-Controls/5-012.dwg,5.0 Motors-Controls — 5-012,,
5.0 Motors-Controls,5-013,5.0 Motors-Controls/5-013.dwg,5.0 Motors-Controls — 5-013,P=P,
5.0 Motors-Controls,5-014,5.0 Motors-Controls/5-014.dwg,5.0 Motors-Controls — 5-014,,
5.0 Motors-Controls,5-015,5.0 Motors-Controls/5-015.dwg,5.0 Motors-Controls — 5-015,,
5.0 Motors-Controls,5-016,5.0 Motors-Controls/5-016.dwg,5.0 Motors-Controls — 5-016,,
5.0 Motors-Controls,5-017,5.0 Motors-Controls/5-017.dwg,5.0 Motors-Controls — 5-017,,
5.0 Motors-Controls,5-018,5.0 Motors-Controls/5-018.dwg,5.0 Motors-Controls — 5-018,,
5.0 Motors-Controls,5-019,5.0 Motors-Controls/5-019.dwg,5.0 Motors-Controls — 5-019,,
5.0 Motors-Controls,5-020,5.0 Motors-Controls/5-020.dwg,5.0 Motors-Controls — 5-020,,
5.0 Motors-Controls,5-021,5.0 Motors-Controls/5-021.dwg,5.0 Motors-Controls — 5-021,L=L,
5.0 Motors-Controls,5-022,5.0 Motors-Controls/5-022.dwg,5.0 Motors-Controls — 5-022,LV=LV,
5.0 Motors-Controls,5-023,5.0 Motors-Controls/5-023.dwg,5.0 Motors-Controls — 5-023,,
5.0 Motors-Controls,5-024,5.0 Motors-Controls/5-024.dwg,5.0 Motors-Controls — 5-024,,
5.0 Motors-Controls,5-025,5.0 Motors-Controls/5-025.dwg,5.0 Motors-Controls — 5-025,TS=TS,
5.0 Motors-Controls,5-026,5.0 Motors-Controls/5-026.dwg,5.0 Motors-Controls — 5-026,AF=AF,
5.0 Motors-Controls,5-027,5.0 Motors-Controls/5-027.dwg,5.0 Motors-Controls — 5-027,EP=EP,
5.0 Motors-Controls,5-028,5.0 Motors-Controls/5-028.dwg,5.0 Motors-Controls — 5-028,,
5.0 Motors-Controls,5-029,5.0 Motors-Controls/5-029.dwg,5.0 Motors-Controls — 5-029,FS=FS,
5.0 Motors-Controls,5-030,5.0 Motors-Controls/5-030.dwg,5.0 Motors-Controls — 5-030,IC=IC,
5.0 Motors-Controls,5-031,5.0 Motors-Controls/5-031.dwg,5.0 Motors-Controls — 5-031,LS=LS,
5.0 Motors-Controls,5-032,5.0 Motors-Controls/5-032.dwg,5.0 Motors-Controls — 5-032,PE=PE,
5.0 Motors-Controls,5-033,5.0 Motors-Controls/5-033.dwg,5.0 Motors-Controls — 5-033,PC=PC,
5.0 Motors-Controls,5-034,5.0 Motors-Controls/5-034.dwg,5.0 Motors-Controls — 5-034,PS=PS,
5.0 Motors-Controls,5-101,5.0 Motors-Controls/5-101.dwg,5.0 Motors-Controls — 5-101,,
5.0 Motors-Controls,5-102,5.0 Motors-Controls/5-102.dwg,5.0 Motors-Controls — 5-102,,HP=
5.0 Motors-Controls,5-103,5.0 Motors-Controls/5-103.dwg,5.0 Motors-Controls — 5-103,D=D,
5.0 Motors-Controls,5-104,5.0 Motors-Controls/5-104.dwg,5.0 Motors-Controls — 5-104,,
5.0 Motors-Controls,5-105,5.0 Motors-Controls/5-105.dwg,5.0 Motors-Controls — 5-105,,
5.0 Motors-Controls,5-106,5.0 Motors-Controls/5-106.dwg,5.0 Motors-Controls — 5-106,,
5.0 Motors-Controls,5-107,5.0 Motors-Controls/5-107.dwg,5.0 Motors-Controls — 5-107,,
5.0 Motors-Controls,5-108,5.0 Motors-Controls/5-108.dwg,5.0 Motors-Controls — 5-108,,
5.0 Motors-Controls,5-109,5.0 Motors-Controls/5-109.dwg,5.0 Motors-Controls — 5-109,,
5.0 Motors-Controls,5-110,5.0 Motors-Controls/5-110.dwg,5.0 Motors-Controls — 5-110,,
5.0 Motors-Controls,5-111,5.0 Motors-Controls/5-111.dwg,5.0 Motors-Controls — 5-111,,
6.0 Security,6-001,6.0 Security/6-001.dwg,6.0 Security — 6-001,C=C,WP=
6.0 Security,6-002,6.0 Security/6-002.dwg,6.0 Security — 6-002,,
6.0 Security,6-003,6.0 Security/6-003.dwg,6.0 Security — 6-003,,
6.0 Security,6-004,6.0 Security/6-004.dwg,6.0 Security — 6-004,B=B,
6.0 Security,6-005,6.0 Security/6-005.dwg,6.0 Security — 6-005,B=B,
6.0 Security,6-006,6.0 Security/6-006.dwg,6.0 Security — 6-006,B=B,
6.0 Security,6-007,6.0 Security/6-007.dwg,6.0 Security — 6-007,,
6.0 Security,6-008,6.0 Security/6-008.dwg,6.0 Security — 6-008,,
6.0 Security,6-009,6.0 Security/6-009.dwg,6.0 Security — 6-009,,
6.0 Security,6-010,6.0 Security/6-010.dwg,6.0 Security — 6-010,,
6.0 Security,6-011,6.0 Security/6-011.dwg,6.0 Security — 6-011,,
6.0 Security,6-012,6.0 Security/6-012.dwg,6.0 Security — 6-012,,
6.0 Security,6-013,6.0 Security/6-013.dwg,6.0 Security — 6-013,,WP=
6.0 Security,6-014,6.0 Security/6-014.dwg,6.0 Security — 6-014,,
6.0 Security,6-015,6.0 Security/6-015.dwg,6.0 Security — 6-015,,
6.0 Security,6-016,6.0 Security/6-016.dwg,6.0 Security — 6-016,,
6.0 Security,6-017,6.0 Security/6-017.dwg,6.0 Security — 6-017,,
6.0 Security,6-018,6.0 Security/6-018.dwg,6.0 Security — 6-018,,
6.0 Security,6-019,6.0 Security/6-019.dwg,6.0 Security — 6-019,,
6.0 Security,6-020,6.0 Security/6-020.dwg,6.0 Security — 6-020,,
6.0 Security,6-021,6.0 Security/6-021.dwg,6.0 Security — 6-021,,
7.0 Fire Alarm Communications & Panels,7-001,7.0 Fire Alarm Communications & Panels/7-001.dwg,7.0 Fire Alarm Communications & Panels — 7-001,,
7.0 Fire Alarm Communications & Panels,7-002,7.0 Fire Alarm Communications & Panels/7-002.dwg,7.0 Fire Alarm Communications & Panels — 7-002,,
7.0 Fire Alarm Communications & Panels,7-003,7.0 Fire Alarm Communications & Panels/7-003.dwg,7.0 Fire Alarm Communications & Panels — 7-003,,
7.0 Fire Alarm Communications & Panels,7-004,7.0 Fire Alarm Communications & Panels/7-004.dwg,7.0 Fire Alarm Communications & Panels — 7-004,,
7.0 Fire Alarm Communications & Panels,7-005,7.0 Fire Alarm Communications & Panels/7-005.dwg,7.0 Fire Alarm Communications & Panels — 7-005,,
7.0 Fire Alarm Communications & Panels,7-006,7.0 Fire Alarm Communications & Panels/7-006.dwg,7.0 Fire Alarm Communications & Panels — 7-006,,
7.0 Fire Alarm Communications & Panels,7-007,7.0 Fire Alarm Communications & Panels/7-007.dwg,7.0 Fire Alarm Communications & Panels — 7-007,,
7.0 Fire Alarm Communications & Panels,7-008,7.0 Fire Alarm Communications & Panels/7-008.dwg,7.0 Fire Alarm Communications & Panels — 7-008,,
7.0 Fire Alarm Communications & Panels,7-009,7.0 Fire Alarm Communications & Panels/7-009.dwg,7.0 Fire Alarm Communications & Panels — 7-009,,
7.0 Fire Alarm Communications & Panels,7-010,7.0 Fire Alarm Communications & Panels/7-010.dwg,7.0 Fire Alarm Communications & Panels — 7-010,,
7.0 Fire Alarm Communications & Panels,7-011,7.0 Fire Alarm Communications & Panels/7-011.dwg,7.0 Fire Alarm Communications & Panels — 7-011,,
7.0 Fire Alarm Communications & Panels,7-012,7.0 Fire Alarm Communications & Panels/7-012.dwg,7.0 Fire Alarm Communications & Panels — 7-012,,
7.0 Fire Alarm Communications & Panels,7-013,7.0 Fire Alarm Communications & Panels/7-013.dwg,7.0 Fire Alarm Communications & Panels — 7-013,,
7.0 Fire Alarm Communications & Panels,7-014,7.0 Fire Alarm Communications & Panels/7-014.dwg,7.0 Fire Alarm Communications & Panels — 7-014,,
7.0 Fire Alarm Communications & Panels,7-015,7.0 Fire Alarm Communications & Panels/7-015.dwg,7.0 Fire Alarm Communications & Panels — 7-015,,
7.0 Fire Alarm Communications & Panels,7-016,7.0 Fire Alarm Communications & Panels/7-016.dwg,7.0 Fire Alarm Communications & Panels — 7-016,,
7.0 Fire Alarm Communications & Panels,7-017,7.0 Fire Alarm Communications & Panels/7-017.dwg,7.0 Fire Alarm Communications & Panels — 7-017,,
7.0 Fire Alarm Communications & Panels,7-018,7.0 Fire Alarm Communications & Panels/7-018.dwg,7.0 Fire Alarm Communications & Panels — 7-018,,
7.0 Fire Alarm Communications & Panels,7-101,7.0 Fire Alarm Communications & Panels/7-101.dwg,7.0 Fire Alarm Communications & Panels — 7-101,,
7.0 Fire Alarm Communications & Panels,7-102,7.0 Fire Alarm Communications & Panels/7-102.dwg,7.0 Fire Alarm Communications & Panels — 7-102,DH=DH,
7.0 Fire Alarm Communications & Panels,7-103,7.0 Fire Alarm Communications & Panels/7-103.dwg,7.0 Fire Alarm Communications & Panels — 7-103,,F=
7.0 Fire Alarm Communications & Panels,7-104,7.0 Fire Alarm Communications & Panels/7-104.dwg,7.0 Fire Alarm Communications & Panels — 7-104,F=F,
7.0 Fire Alarm Communications & Panels,7-105,7.0 Fire Alarm Communications & Panels/7-105.dwg,7.0 Fire Alarm Communications & Panels — 7-105,H=H,
7.0 Fire Alarm Communications & Panels,7-106,7.0 Fire Alarm Communications & Panels/7-106.dwg,7.0 Fire Alarm Communications & Panels — 7-106,S=S,
7.0 Fire Alarm Communications & Panels,7-107,7.0 Fire Alarm Communications & Panels/7-107.dwg,7.0 Fire Alarm Communications & Panels — 7-107,F=F,
7.0 Fire Alarm Communications & Panels,7-108,7.0 Fire Alarm Communications & Panels/7-108.dwg,7.0 Fire Alarm Communications & Panels — 7-108,F=F,
7.0 Fire Alarm Communications & Panels,7-109,7.0 Fire Alarm Communications & Panels/7-109.dwg,7.0 Fire Alarm Communications & Panels — 7-109,F=F,
7.0 Fire Alarm Communications & Panels,7-110,7.0 Fire Alarm Communications & Panels/7-110.dwg,7.0 Fire Alarm Communications & Panels — 7-110,F=F; S=S,
7.0 Fire Alarm Communications & Panels,7-111,7.0 Fire Alarm Communications & Panels/7-111.dwg,7.0 Fire Alarm Communications & Panels — 7-111,,
7.0 Fire Alarm Communications & Panels,7-112,7.0 Fire Alarm Communications & Panels/7-112.dwg,7.0 Fire Alarm Communications & Panels — 7-112,F=F,WP=
7.0 Fire Alarm Communications & Panels,7-113,7.0 Fire Alarm Communications & Panels/7-113.dwg,7.0 Fire Alarm Communications & Panels — 7-113,S=S,
7.0 Fire Alarm Communications & Panels,7-201,7.0 Fire Alarm Communications & Panels/7-201.dwg,7.0 Fire Alarm Communications & Panels — 7-201,F=F,
7.0 Fire Alarm Communications & Panels,7-202,7.0 Fire Alarm Communications & Panels/7-202.dwg,7.0 Fire Alarm Communications & Panels — 7-202,S=S,
7.0 Fire Alarm Communications & Panels,7-203,7.0 Fire Alarm Communications & Panels/7-203.dwg,7.0 Fire Alarm Communications & Panels — 7-203,D=D; S=S,
7.0 Fire Alarm Communications & Panels,7-204,7.0 Fire Alarm Communications & Panels/7-204.dwg,7.0 Fire Alarm Communications & Panels — 7-204,RTS=RTS,
7.0 Fire Alarm Communications & Panels,7-205,7.0 Fire Alarm Communications & Panels/7-205.dwg,7.0 Fire Alarm Communications & Panels — 7-205,A=A; S=S,
7.0 Fire Alarm Communications & Panels,7-206,7.0 Fire Alarm Communications & Panels/7-206.dwg,7.0 Fire Alarm Communications & Panels — 7-206,E=E; S=S,
7.0 Fire Alarm Communications & Panels,7-207,7.0 Fire Alarm Communications & Panels/7-207.dwg,7.0 Fire Alarm Communications & Panels — 7-207,S=S; SC=SC,
7.0 Fire Alarm Communications & Panels,7-208,7.0 Fire Alarm Communications & Panels/7-208.dwg,7.0 Fire Alarm Communications & Panels — 7-208,S=S; V=V,
7.0 Fire Alarm Communications & Panels,7-209,7.0 Fire Alarm Communications & Panels/7-209.dwg,7.0 Fire Alarm Communications & Panels — 7-209,B=B,R/S=?
7.0 Fire Alarm Communications & Panels,7-210,7.0 Fire Alarm Communications & Panels/7-210.dwg,7.0 Fire Alarm Communications & Panels — 7-210,C=C,
7.0 Fire Alarm Communications & Panels,7-211,7.0 Fire Alarm Communications & Panels/7-211.dwg,7.0 Fire Alarm Communications & Panels — 7-211,F=F,
7.0 Fire Alarm Communications & Panels,7-212,7.0 Fire Alarm Communications & Panels/7-212.dwg,7.0 Fire Alarm Communications & Panels — 7-212,H=H,
7.0 Fire Alarm Communications & Panels,7-213,7.0 Fire Alarm Communications & Panels/7-213.dwg,7.0 Fire Alarm Communications & Panels — 7-213,F=F; H=H,
7.0 Fire Alarm Communications & Panels,7-214,7.0 Fire Alarm Communications & Panels/7-214.dwg,7.0 Fire Alarm Communications & Panels — 7-214,2=F; H=F,
7.0 Fire Alarm Communications & Panels,7-215,7.0 Fire Alarm Communications & Panels/7-215.dwg,7.0 Fire Alarm Communications & Panels — 7-215,D=D; FS=FS,
7.0 Fire Alarm Communications & Panels,7-216,7.0 Fire Alarm Communications & Panels/7-216.dwg,7.0 Fire Alarm Communications & Panels — 7-216,FS=FS,
7.0 Fire Alarm Communications & Panels,7-217,7.0 Fire Alarm Communications & Panels/7-217.dwg,7.0 Fire Alarm Communications & Panels — 7-217,,
7.0 Fire Alarm Communications & Panels,7-218,7.0 Fire Alarm Communications & Panels/7-218.dwg,7.0 Fire Alarm Communications & Panels — 7-218,TS=TS,
7.0 Fire Alarm Communications & Panels,7-219,7.0 Fire Alarm Communications & Panels/7-219.dwg,7.0 Fire Alarm Communications & Panels — 7-219,,
7.0 Fire Alarm Communications & Panels,7-220,7.0 Fire Alarm Communications & Panels/7-220.dwg,7.0 Fire Alarm Communications & Panels — 7-220,,
8.0 Power Distribution Equipment,8-001,8.0 Power Distribution Equipment/8-001.dwg,8.0 Power Distribution Equipment — 8-001,,
8.0 Power Distribution Equipment,8-002,8.0 Power Distribution Equipment/8-002.dwg,8.0 Power Distribution Equipment — 8-002,,
8.0 Power Distribution Equipment,8-003,8.0 Power Distribution Equipment/8-003.dwg,8.0 Power Distribution Equipment — 8-003,,
8.0 Power Distribution Equipment,8-004,8.0 Power Distribution Equipment/8-004.dwg,8.0 Power Distribution Equipment — 8-004,,
8.0 Power Distribution Equipment,8-004a,8.0 Power Distribution Equipment/8-004a.dwg,8.0 Power Distribution Equipment — 8-004a,,
8.0 Power Distribution Equipment,8-005,8.0 Power Distribution Equipment/8-005.dwg,8.0 Power Distribution Equipment — 8-005,,
8.0 Power Distribution Equipment,8-006,8.0 Power Distribution Equipment/8-006.dwg,8.0 Power Distribution Equipment — 8-006,MCC=MCC,
8.0 Power Distribution Equipment,8-007,8.0 Power Distribution Equipment/8-007.dwg,8.0 Power Distribution Equipment — 8-007,,XFMR#=
8.0 Power Distribution Equipment,8-008,8.0 Power Distribution Equipment/8-008.dwg,8.0 Power Distribution Equipment — 8-008,,
8.0 Power Distribution Equipment,8-009,8.0 Power Distribution Equipment/8-009.dwg,8.0 Power Distribution Equipment — 8-009,,
8.0 Power Distribution Equipment,8-010,8.0 Power Distribution Equipment/8-010.dwg,8.0 Power Distribution Equipment — 8-010,G=G,XXKW=xxkW
8.0 Power Distribution Equipment,8-011,8.0 Power Distribution Equipment/8-011.dwg,8.0 Power Distribution Equipment — 8-011,,
8.0 Power Distribution Equipment,8-012,8.0 Power Distribution Equipment/8-012.dwg,8.0 Power Distribution Equipment — 8-012,M=M,
8.0 Power Distribution Equipment,8-013,8.0 Power Distribution Equipment/8-013.dwg,8.0 Power Distribution Equipment — 8-013,TS=TS,
9.0 Communications-Teldata,9-001,9.0 Communications-Teldata/9-001.dwg,9.0 Communications-Teldata — 9-001,,
9.0 Communications-Teldata,9-002,9.0 Communications-Teldata/9-002.dwg,9.0 Communications-Teldata — 9-002,F=F,
9.0 Communications-Teldata,9-003,9.0 Communications-Teldata/9-003.dwg,9.0 Communications-Teldata — 9-003,,
9.0 Communications-Teldata,9-004,9.0 Communications-Teldata/9-004.dwg,9.0 Communications-Teldata — 9-004,F=F,
9.0 Communications-Teldata,9-005,9.0 Communications-Teldata/9-005.dwg,9.0 Communications-Teldata — 9-005,F=F,
9.0 Communications-Teldata,9-006,9.0 Communications-Teldata/9-006.dwg,9.0 Communications-Teldata — 9-006,W=W,
9.0 Communications-Teldata,9-007,9.0 Communications-Teldata/9-007.dwg,9.0 Communications-Teldata — 9-007,F=F,
9.0 Communications-Teldata,9-101,9.0 Communications-Teldata/9-101.dwg,9.0 Communications-Teldata — 9-101,,
9.0 Communications-Teldata,9-102,9.0 Communications-Teldata/9-102.dwg,9.0 Communications-Teldata — 9-102,TV=TV,
9.0 Communications-Teldata,9-103,9.0 Communications-Teldata/9-103.dwg,9.0 Communications-Teldata — 9-103,M=M; TV=TV,
9.0 Communications-Teldata,9-104,9.0 Communications-Teldata/9-104.dwg,9.0 Communications-Teldata — 9-104,M=M,
9.0 Communications-Teldata,9-105,9.0 Communications-Teldata/9-105.dwg,9.0 Communications-Teldata — 9-105,M=M,
9.0 Communications-Teldata,9-106,9.0 Communications-Teldata/9-106.dwg,9.0 Communications-Teldata — 9-106,,
9.0 Communications-Teldata,9-107,9.0 Communications-Teldata/9-107.dwg,9.0 Communications-Teldata — 9-107,S=S,
9.0 Communications-Teldata,9-108,9.0 Communications-Teldata/9-108.dwg,9.0 Communications-Teldata — 9-108,S=S,
9.0 Communications-Teldata,9-109,9.0 Communications-Teldata/9-109.dwg,9.0 Communications-Teldata — 9-109,P=P,
9.0 Communications-Teldata,9-110,9.0 Communications-Teldata/9-110.dwg,9.0 Communications-Teldata — 9-110,P=P,
9.0 Communications-Teldata,9-111,9.0 Communications-Teldata/9-111.dwg,9.0 Communications-Teldata — 9-111,,
9.0 Communications-Teldata,9-112,9.0 Communications-Teldata/9-112.dwg,9.0 Communications-Teldata — 9-112,,
9.0 Communications-Teldata,9-113,9.0 Communications-Teldata/9-113.dwg,9.0 Communications-Teldata — 9-113,,
9.0 Communications-Teldata,9-201,9.0 Communications-Teldata/9-201.dwg,9.0 Communications-Teldata — 9-201,,
9.0 Communications-Teldata,9-202,9.0 Communications-Teldata/9-202.dwg,9.0 Communications-Teldata — 9-202,,
9.0 Communications-Teldata,9-203,9.0 Communications-Teldata/9-203.dwg,9.0 Communications-Teldata — 9-203,,
9.0 Communications-Teldata,9-204,9.0 Communications-Teldata/9-204.dwg,9.0 Communications-Teldata — 9-204,,
9.0 Communications-Teldata,9-205,9.0 Communications-Teldata/9-205.dwg,9.0 Communications-Teldata — 9-205,,
10.0 Site Work,10-001,10.0 Site Work/10-001.dwg,10.0 Site Work — 10-001,,
10.0 Site Work,10-002,10.0 Site Work/10-002.dwg,10.0 Site Work — 10-002,,
10.0 Site Work,10-003,10.0 Site Work/10-003.dwg,10.0 Site Work — 10-003,,
10.0 Site Work,10-004,10.0 Site Work/10-004.dwg,10.0 Site Work — 10-004,,
10.0 Site Work,10-005,10.0 Site Work/10-005.dwg,10.0 Site Work — 10-005,,
10.0 Site Work,10-006,10.0 Site Work/10-006.dwg,10.0 Site Work — 10-006,,
10.0 Site Work,10-007,10.0 Site Work/10-007.dwg,10.0 Site Work — 10-007,,
10.0 Site Work,10-008,10.0 Site Work/10-008.dwg,10.0 Site Work — 10-008,,
10.0 Site Work,10-009,10.0 Site Work/10-009.dwg,10.0 Site Work — 10-009,,
10.0 Site Work,10-010,10.0 Site Work/10-010.dwg,10.0 Site Work — 10-010,,
10.0 Site Work,10-011,10.0 Site Work/10-011.dwg,10.0 Site Work — 10-011,,PXX=Pxx
10.0 Site Work,10-012,10.0 Site Work/10-012.dwg,10.0 Site Work — 10-012,,
10.0 Site Work,10-013,10.0 Site Work/10-013.dwg,10.0 Site Work — 10-013,,
"11.0 Schematic Fault Circuit Interrupter, Personal Protection",11-001,"11.0 Schematic Fault Circuit Interrupter, Personal Protection/11-001.dwg","11.0 Schematic Fault Circuit Interrupter, Personal Protection — 11-001",,
"11.0 Schematic Fault Circuit Interrupter, Personal Protection",11-002,"11.0 Schematic Fault Circuit Interrupter, Personal Protection/11-002.dwg","11.0 Schematic Fault Circuit Interrupter, Personal Protection — 11-002",,XX=xx
"11.0 Schematic Fault Circuit Interrupter, Personal Protection",11-003,"11.0 Schematic Fault Circuit Interrupter, Personal Protection/11-003.dwg","11.0 Schematic Fault Circuit Interrupter, Personal Protection — 11-003",,XX=xx
"11.0 Schematic Fault Circuit Interrupter, Personal Protection",11-004,"11.0 Schematic Fault Circuit Interrupter, Personal Protection/11-004.dwg","11.0 Schematic Fault Circuit Interrupter, Personal Protection — 11-004",,XX=xx
"11.0 Schematic Fault Circuit Interrupter, Personal Protection",11-005,"11.0 Schematic Fault Circuit Interrupter, Personal Protection/11-005.dwg","11.0 Schematic Fault Circuit Interrupter, Personal Protection — 11-005",,XX=xx
"11.0 Schematic Fault Circuit Interrupter, Personal Protection",11-006,"11.0 Schematic Fault Circuit Interrupter, Personal Protection/11-006.dwg","11.0 Schematic Fault Circuit Interrupter, Personal Protection — 11-006",,XX=xx; ZZA=zzA
"11.0 Schematic Fault Circuit Interrupter, Personal Protection",11-007,"11.0 Schematic Fault Circuit Interrupter, Personal Protection/11-007.dwg","11.0 Schematic Fault Circuit Interrupter, Personal Protection — 11-007",,
"11.0 Schematic Fault Circuit Interrupter, Personal Protection",11-008,"11.0 Schematic Fault Circuit Interrupter, Personal Protection/11-008.dwg","11.0 Schematic Fault Circuit Interrupter, Personal Protection — 11-008",,
"11.0 Schematic Fault Circuit Interrupter, Personal Protection",11-009,"11.0 Schematic Fault Circuit Interrupter, Personal Protection/11-009.dwg","11.0 Schematic Fault Circuit Interrupter, Personal Protection — 11-009",,
"11.0 Schematic Fault Circuit Interrupter, Personal Protection",11-010,"11.0 Schematic Fault Circuit Interrupter, Personal Protection/11-010.dwg","11.0 Schematic Fault Circuit Interrupter, Personal Protection — 11-010",,
"11.0 Schematic Fault Circuit Interrupter, Personal Protection",11-011,"11.0 Schematic Fault Circuit Interrupter, Personal Protection/11-011.dwg","11.0 Schematic Fault Circuit Interrupter, Personal Protection — 11-011",,
"11.0 Schematic Fault Circuit Interrupter, Personal Protection",11-012,"11.0 Schematic Fault Circuit Interrupter, Personal Protection/11-012.dwg","11.0 Schematic Fault Circuit Interrupter, Personal Protection — 11-012",,ZZA=zzA
"11.0 Schematic Fault Circuit Interrupter, Personal Protection",11-013,"11.0 Schematic Fault Circuit Interrupter, Personal Protection/11-013.dwg","11.0 Schematic Fault Circuit Interrupter, Personal Protection — 11-013",,ZZA=zzA
"11.0 Schematic Fault Circuit Interrupter, Personal Protection",11-013a,"11.0 Schematic Fault Circuit Interrupter, Personal Protection/11-013a.dwg","11.0 Schematic Fault Circuit Interrupter, Personal Protection — 11-013a",,ZZA=zzA
"11.0 Schematic Fault Circuit Interrupter, Personal Protection",11-014,"11.0 Schematic Fault Circuit Interrupter, Personal Protection/11-014.dwg","11.0 Schematic Fault Circuit Interrupter, Personal Protection — 11-014",,
"11.0 Schematic Fault Circuit Interrupter, Personal Protection",11-015,"11.0 Schematic Fault Circuit Interrupter, Personal Protection/11-015.dwg","11.0 Schematic Fault Circuit Interrupter, Personal Protection — 11-015",,
"11.0 Schematic Fault Circuit Interrupter, Personal Protection",11-016,"11.0 Schematic Fault Circuit Interrupter, Personal Protection/11-016.dwg","11.0 Schematic Fault Circuit Interrupter, Personal Protection — 11-016",,
"11.0 Schematic Fault Circuit Interrupter, Personal Protection",11-017,"11.0 Schematic Fault Circuit Interrupter, Personal Protection/11-017.dwg","11.0 Schematic Fault Circuit Interrupter, Personal Protection — 11-017",,
"11.0 Schematic Fault Circuit Interrupter, Personal Protection",11-018,"11.0 Schematic Fault Circuit Interrupter, Personal Protection/11-018.dwg","11.0 Schematic Fault Circuit Interrupter, Personal Protection — 11-018",MOTOR=M,LABEL-MOTOR=XX-XX-X-X
"11.0 Schematic Fault Circuit Interrupter, Personal Protection",11-019,"11.0 Schematic Fault Circuit Interrupter, Personal Protection/11-019.dwg","11.0 Schematic Fault Circuit Interrupter, Personal Protection — 11-019",,
"11.0 Schematic Fault Circuit Interrupter, Personal Protection",11-020,"11.0 Schematic Fault Circuit Interrupter, Personal Protection/11-020.dwg","11.0 Schematic Fault Circuit Interrupter, Personal Protection — 11-020",,
"11.0 Schematic Fault Circuit Interrupter, Personal Protection",11-021,"11.0 Schematic Fault Circuit Interrupter, Personal Protection/11-021.dwg","11.0 Schematic Fault Circuit Interrupter, Personal Protection — 11-021",,VISIBLENAME=
"11.0 Schematic Fault Circuit Interrupter, Personal Protection",11-022,"11.0 Schematic Fault Circuit Interrupter, Personal Protection/11-022.dwg","11.0 Schematic Fault Circuit Interrupter, Personal Protection — 11-022",,
"11.0 Schematic Fault Circuit Interrupter, Personal Protection",11-023,"11.0 Schematic Fault Circuit Interrupter, Personal Protection/11-023.dwg","11.0 Schematic Fault Circuit Interrupter, Personal Protection — 11-023",,
"11.0 Schematic Fault Circuit Interrupter, Personal Protection",11-024,"11.0 Schematic Fault Circuit Interrupter, Personal Protection/11-024.dwg","11.0 Schematic Fault Circuit Interrupter, Personal Protection — 11-024",,
"11.0 Schematic Fault Circuit Interrupter, Personal Protection",11-025,"11.0 Schematic Fault Circuit Interrupter, Personal Protection/11-025.dwg","11.0 Schematic Fault Circuit Interrupter, Personal Protection — 11-025",,
"11.0 Schematic Fault Circuit Interrupter, Personal Protection",11-026,"11.0 Schematic Fault Circuit Interrupter, Personal Protection/11-026.dwg","11.0 Schematic Fault Circuit Interrupter, Personal Protection — 11-026",,#=
"11.0 Schematic Fault Circuit Interrupter, Personal Protection",11-027,"11.0 Schematic Fault Circuit Interrupter, Personal Protection/11-027.dwg","11.0 Schematic Fault Circuit Interrupter, Personal Protection — 11-027",,
"11.0 Schematic Fault Circuit Interrupter, Personal Protection",11-028,"11.0 Schematic Fault Circuit Interrupter, Personal Protection/11-028.dwg","11.0 Schematic Fault Circuit Interrupter, Personal Protection — 11-028",G=G,SIZE=; VOLT&PHASE=xxV-x%%c
"11.0 Schematic Fault Circuit Interrupter, Personal Protection",11-029,"11.0 Schematic Fault Circuit Interrupter, Personal Protection/11-029.dwg","11.0 Schematic Fault Circuit Interrupter, Personal Protection — 11-029",,
"11.0 Schematic Fault Circuit Interrupter, Personal Protection",11-030,"11.0 Schematic Fault Circuit Interrupter, Personal Protection/11-030.dwg","11.0 Schematic Fault Circuit Interrupter, Personal Protection — 11-030",,(#)=
"11.0 Schematic Fault Circuit Interrupter, Personal Protection",11-031,"11.0 Schematic Fault Circuit Interrupter, Personal Protection/11-031.dwg","11.0 Schematic Fault Circuit Interrupter, Personal Protection — 11-031",,(#)=; XXX-XA=
"11.0 Schematic Fault Circuit Interrupter, Personal Protection",11-032,"11.0 Schematic Fault Circuit Interrupter, Personal Protection/11-032.dwg","11.0 Schematic Fault Circuit Interrupter, Personal Protection — 11-032",,
"11.0 Schematic Fault Circuit Interrupter, Personal Protection",11-033,"11.0 Schematic Fault Circuit Interrupter, Personal Protection/11-033.dwg","11.0 Schematic Fault Circuit Interrupter, Personal Protection — 11-033",,
"11.0 Schematic Fault Circuit Interrupter, Personal Protection",11-034,"11.0 Schematic Fault Circuit Interrupter, Personal Protection/11-034.dwg","11.0 Schematic Fault Circuit Interrupter, Personal Protection — 11-034",,
"11.0 Schematic Fault Circuit Interrupter, Personal Protection",11-035,"11.0 Schematic Fault Circuit Interrupter, Personal Protection/11-035.dwg","11.0 Schematic Fault Circuit Interrupter, Personal Protection — 11-035",,AFD-NAME=xx-x-x
"11.0 Schematic Fault Circuit Interrupter, Personal Protection",11-036,"11.0 Schematic Fault Circuit Interrupter, Personal Protection/11-036.dwg","11.0 Schematic Fault Circuit Interrupter, Personal Protection — 11-036",,
"11.0 Schematic Fault Circuit Interrupter, Personal Protection",11-037,"11.0 Schematic Fault Circuit Interrupter, Personal Protection/11-037.dwg","11.0 Schematic Fault Circuit Interrupter, Personal Protection — 11-037",,
"11.0 Schematic Fault Circuit Interrupter, Personal Protection",11-101,"11.0 Schematic Fault Circuit Interrupter, Personal Protection/11-101.dwg","11.0 Schematic Fault Circuit Interrupter, Personal Protection — 11-101",,
"11.0 Schematic Fault Circuit Interrupter, Personal Protection",11-102,"11.0 Schematic Fault Circuit Interrupter, Personal Protection/11-102.dwg","11.0 Schematic Fault Circuit Interrupter, Personal Protection — 11-102",,
"11.0 Schematic Fault Circuit Interrupter, Personal Protection",11-103,"11.0 Schematic Fault Circuit Interrupter, Personal Protection/11-103.dwg","11.0 Schematic Fault Circuit Interrupter, Personal Protection — 11-103",,
"11.0 Schematic Fault Circuit Interrupter, Personal Protection",11-104,"11.0 Schematic Fault Circuit Interrupter, Personal Protection/11-104.dwg","11.0 Schematic Fault Circuit Interrupter, Personal Protection — 11-104",A=F,
"11.0 Schematic Fault Circuit Interrupter, Personal Protection",11-105,"11.0 Schematic Fault Circuit Interrupter, Personal Protection/11-105.dwg","11.0 Schematic Fault Circuit Interrupter, Personal Protection — 11-105",AS=F,
"11.0 Schematic Fault Circuit Interrupter, Personal Protection",11-106,"11.0 Schematic Fault Circuit Interrupter, Personal Protection/11-106.dwg","11.0 Schematic Fault Circuit Interrupter, Personal Protection — 11-106",D=F,
"11.0 Schematic Fault Circuit Interrupter, Personal Protection",11-107,"11.0 Schematic Fault Circuit Interrupter, Personal Protection/11-107.dwg","11.0 Schematic Fault Circuit Interrupter, Personal Protection — 11-107",GD=F,
"11.0 Schematic Fault Circuit Interrupter, Personal Protection",11-108,"11.0 Schematic Fault Circuit Interrupter, Personal Protection/11-108.dwg","11.0 Schematic Fault Circuit Interrupter, Personal Protection — 11-108",P=F,
"11.0 Schematic Fault Circuit Interrupter, Personal Protection",11-109,"11.0 Schematic Fault Circuit Interrupter, Personal Protection/11-109.dwg","11.0 Schematic Fault Circuit Interrupter, Personal Protection — 11-109",PF=F,
"11.0 Schematic Fault Circuit Interrupter, Personal Protection",11-110,"11.0 Schematic Fault Circuit Interrupter, Personal Protection/11-110.dwg","11.0 Schematic Fault Circuit Interrupter, Personal Protection — 11-110",HZ=F,
"11.0 Schematic Fault Circuit Interrupter, Personal Protection",11-111,"11.0 Schematic Fault Circuit Interrupter, Personal Protection/11-111.dwg","11.0 Schematic Fault Circuit Interrupter, Personal Protection — 11-111",V=F,
"11.0 Schematic Fault Circuit Interrupter, Personal Protection",11-112,"11.0 Schematic Fault Circuit Interrupter, Personal Protection/11-112.dwg","11.0 Schematic Fault Circuit Interrupter, Personal Protection — 11-112",VA=F,
"11.0 Schematic Fault Circuit Interrupter, Personal Protection",11-113,"11.0 Schematic Fault Circuit Interrupter, Personal Protection/11-113.dwg","11.0 Schematic Fault Circuit Interrupter, Personal Protection — 11-113",VS=F,
"11.0 Schematic Fault Circuit Interrupter, Personal Protection",11-114,"11.0 Schematic Fault Circuit Interrupter, Personal Protection/11-114.dwg","11.0 Schematic Fault Circuit Interrupter, Personal Protection — 11-114",W=F,
"11.0 Schematic Fault Circuit Interrupter, Personal Protection",11-115,"11.0 Schematic Fault Circuit Interrupter, Personal Protection/11-115.dwg","11.0 Schematic Fault Circuit Interrupter, Personal Protection — 11-115",WM=F,
"11.0 Schematic Fault Circuit Interrupter, Personal Protection",11-201,"11.0 Schematic Fault Circuit Interrupter, Personal Protection/11-201.dwg","11.0 Schematic Fault Circuit Interrupter, Personal Protection — 11-201",E=E; L=L; N=N,AMP&POLE=
"11.0 Schematic Fault Circuit Interrupter, Personal Protection",11-202,"11.0 Schematic Fault Circuit Interrupter, Personal Protection/11-202.dwg","11.0 Schematic Fault Circuit Interrupter, Personal Protection — 11-202",,
"11.0 Schematic Fault Circuit Interrupter, Personal Protection",11-203,"11.0 Schematic Fault Circuit Interrupter, Personal Protection/11-203.dwg","11.0 Schematic Fault Circuit Interrupter, Personal Protection — 11-203",,
"11.0 Schematic Fault Circuit Interrupter, Personal Protection",11-204,"11.0 Schematic Fault Circuit Interrupter, Personal Protection/11-204.dwg","11.0 Schematic Fault Circuit Interrupter, Personal Protection — 11-204",,
"11.0 Schematic Fault Circuit Interrupter, Personal Protection",11-205,"11.0 Schematic Fault Circuit Interrupter, Personal Protection/11-205.dwg","11.0 Schematic Fault Circuit Interrupter, Personal Protection — 11-205",,
"11.0 Schematic Fault Circuit Interrupter, Personal Protection",11-206,"11.0 Schematic Fault Circuit Interrupter, Personal Protection/11-206.dwg","11.0 Schematic Fault Circuit Interrupter, Personal Protection — 11-206",,
"11.0 Schematic Fault Circuit Interrupter, Personal Protection",11-207,"11.0 Schematic Fault Circuit Interrupter, Personal Protection/11-207.dwg","11.0 Schematic Fault Circuit Interrupter, Personal Protection — 11-207",,
"11.0 Schematic Fault Circuit Interrupter, Personal Protection",11-208,"11.0 Schematic Fault Circuit Interrupter, Personal Protection/11-208.dwg","11.0 Schematic Fault Circuit Interrupter, Personal Protection — 11-208",,
"11.0 Schematic Fault Circuit Interrupter, Personal Protection",11-209,"11.0 Schematic Fault Circuit Interrupter, Personal Protection/11-209.dwg","11.0 Schematic Fault Circuit Interrupter, Personal Protection — 11-209",,
"11.0 Schematic Fault Circuit Interrupter, Personal Protection",11-210,"11.0 Schematic Fault Circuit Interrupter, Personal Protection/11-210.dwg","11.0 Schematic Fault Circuit Interrupter, Personal Protection — 11-210",,
12.0 Miscellaneous,12-001,12.0 Miscellaneous/12-001.dwg,12.0 Miscellaneous — 12-001,,
12.0 Miscellaneous,12-002,12.0 Miscellaneous/12-002.dwg,12.0 Miscellaneous — 12-002,,EQUIPMENT-#=XX; TYPE-EQUIPMENT=XX
12.0 Miscellaneous,12-003,12.0 Miscellaneous/12-003.dwg,12.0 Miscellaneous — 12-003,,
12.0 Miscellaneous,12-004,12.0 Miscellaneous/12-004.dwg,12.0 Miscellaneous — 12-004,,
12.0 Miscellaneous,12-005,12.0 Miscellaneous/12-005.dwg,12.0 Miscellaneous — 12-005,,CKT.-SIZE-#=X
12.0 Miscellaneous,12-006,12.0 Miscellaneous/12-006.dwg,12.0 Miscellaneous — 12-006,,TYP.-AREA-DESIGNATION=X
12.0 Miscellaneous,12-007,12.0 Miscellaneous/12-007.dwg,12.0 Miscellaneous — 12-007,,DRAWING-#=; LAYOUT-TYPE=; PANEL-CKTS=
12.0 Miscellaneous,12-008,12.0 Miscellaneous/12-008.dwg,12.0 Miscellaneous — 12-008,,"DESCRIPTION=; DRAWING#=; N.T.S.=1/8""=1'-0""; SECTION#="
12.0 Miscellaneous,12-009,12.0 Miscellaneous/12-009.dwg,12.0 Miscellaneous — 12-009,,DRAWING#=; SECTION#=
12.0 Miscellaneous,12-010,12.0 Miscellaneous/12-010.dwg,12.0 Miscellaneous — 12-010,,DRAWING#=; SECTION#=
13.0 Abbreviations,13.0 Abbreviations,13.0 Abbreviations/13.0 Abbreviations.dwg,13.0 Abbreviations — 13.0 Abbreviations,,
14.0 Nurse Call System,14-001,14.0 Nurse Call System/14-001.dwg,14.0 Nurse Call System — 14-001,,
14.0 Nurse Call System,14-002,14.0 Nurse Call System/14-002.dwg,14.0 Nurse Call System — 14-002,,
14.0 Nurse Call System,14-003,14.0 Nurse Call System/14-003.dwg,14.0 Nurse Call System — 14-003,,
14.0 Nurse Call System,14-004,14.0 Nurse Call System/14-004.dwg,14.0 Nurse Call System — 14-004,,
14.0 Nurse Call System,14-005,14.0 Nurse Call System/14-005.dwg,14.0 Nurse Call System — 14-005,,
14.0 Nurse Call System,14-006,14.0 Nurse Call System/14-006.dwg,14.0 Nurse Call System — 14-006,,
14.0 Nurse Call System,14-007,14.0 Nurse Call System/14-007.dwg,14.0 Nurse Call System — 14-007,,
NFPA Alternate Fire Safety Symbols,5-5.1,NFPA Alternate Fire Safety Symbols/5-5.1.dwg,NFPA Alternate Fire Safety Symbols — 5-5.1,,
NFPA Alternate Fire Safety Symbols,5-6.1,NFPA Alternate Fire Safety Symbols/5-6.1.dwg,NFPA Alternate Fire Safety Symbols — 5-6.1,,
NFPA Alternate Fire Safety Symbols,5-6.2,NFPA Alternate Fire Safety Symbols/5-6.2.dwg,NFPA Alternate Fire Safety Symbols — 5-6.2,,
NFPA Alternate Fire Safety Symbols,5-6.3,NFPA Alternate Fire Safety Symbols/5-6.3.dwg,NFPA Alternate Fire Safety Symbols — 5-6.3,,
NFPA Alternate Fire Safety Symbols,5-6.4,NFPA Alternate Fire Safety Symbols/5-6.4.dwg,NFPA Alternate Fire Safety Symbols — 5-6.4,,
NFPA Alternate Fire Safety Symbols,5-7.1.1.1,NFPA Alternate Fire Safety Symbols/5-7.1.1.1.dwg,NFPA Alternate Fire Safety Symbols — 5-7.1.1.1,A=A; H=H; J=J,
NFPA Alternate Fire Safety Symbols,5-7.1.1.2,NFPA Alternate Fire Safety Symbols/5-7.1.1.2.dwg,NFPA Alternate Fire Safety Symbols — 5-7.1.1.2,,
NFPA Alternate Fire Safety Symbols,5-7.1.1,NFPA Alternate Fire Safety Symbols/5-7.1.1.dwg,NFPA Alternate Fire Safety Symbols — 5-7.1.1,C=C; D=D; F=F; H=H; P=P; W=W,
NFPA Alternate Fire Safety Symbols,5-7.1.2.1,NFPA Alternate Fire Safety Symbols/5-7.1.2.1.dwg,NFPA Alternate Fire Safety Symbols — 5-7.1.2.1,F=F; R/C=R/C; R/F=R/F; R=R,
NFPA Alternate Fire Safety Symbols,5-7.1.2.2,NFPA Alternate Fire Safety Symbols/5-7.1.2.2.dwg,NFPA Alternate Fire Safety Symbols — 5-7.1.2.2,BR=BR; BT=BT; I=I; P=P,
NFPA Alternate Fire Safety Symbols,5-7.1.2.3,NFPA Alternate Fire Safety Symbols/5-7.1.2.3.dwg,NFPA Alternate Fire Safety Symbols — 5-7.1.2.3,,
NFPA Alternate Fire Safety Symbols,5-7.1.2.4,NFPA Alternate Fire Safety Symbols/5-7.1.2.4.dwg,NFPA Alternate Fire Safety Symbols — 5-7.1.2.4,,
NFPA Alternate Fire Safety Symbols,5-7.1.2.5,NFPA Alternate Fire Safety Symbols/5-7.1.2.5.dwg,NFPA Alternate Fire Safety Symbols — 5-7.1.2.5,,
NFPA Alternate Fire Safety Symbols,5-7.1.2.6,NFPA Alternate Fire Safety Symbols/5-7.1.2.6.dwg,NFPA Alternate Fire Safety Symbols — 5-7.1.2.6,,
NFPA Alternate Fire Safety Symbols,5-7.1.2.7,NFPA Alternate Fire Safety Symbols/5-7.1.2.7.dwg,NFPA Alternate Fire Safety Symbols — 5-7.1.2.7,,
NFPA Alternate Fire Safety Symbols,5-7.1.2.8,NFPA Alternate Fire Safety Symbols/5-7.1.2.8.dwg,NFPA Alternate Fire Safety Symbols — 5-7.1.2.8,,
NFPA Alternate Fire Safety Symbols,5-7.1.2.9,NFPA Alternate Fire Safety Symbols/5-7.1.2.9.dwg,NFPA Alternate Fire Safety Symbols — 5-7.1.2.9,,
NFPA Alternate Fire Safety Symbols,5-7.1.2.10,NFPA Alternate Fire Safety Symbols/5-7.1.2.10.dwg,NFPA Alternate Fire Safety Symbols — 5-7.1.2.10,,
NFPA Alternate Fire Safety Symbols,5-7.1.2,NFPA Alternate Fire Safety Symbols/5-7.1.2.dwg,NFPA Alternate Fire Safety Symbols — 5-7.1.2,,
NFPA Alternate Fire Safety Symbols,5-7.2.1,NFPA Alternate Fire Safety Symbols/5-7.2.1.dwg,NFPA Alternate Fire Safety Symbols — 5-7.2.1,M=M,
NFPA Alternate Fire Safety Symbols,5-7.2.2,NFPA Alternate Fire Safety Symbols/5-7.2.2.dwg,NFPA Alternate Fire Safety Symbols — 5-7.2.2,,
NFPA Alternate Fire Safety Symbols,5-7.2.3,NFPA Alternate Fire Safety Symbols/5-7.2.3.dwg,NFPA Alternate Fire Safety Symbols — 5-7.2.3,,
NFPA Alternate Fire Safety Symbols,5-7.2.4,NFPA Alternate Fire Safety Symbols/5-7.2.4.dwg,NFPA Alternate Fire Safety Symbols — 5-7.2.4,,
NFPA Alternate Fire Safety Symbols,5-7.2.5,NFPA Alternate Fire Safety Symbols/5-7.2.5.dwg,NFPA Alternate Fire Safety Symbols — 5-7.2.5,,
NFPA Alternate Fire Safety Symbols,5-7.3.1,NFPA Alternate Fire Safety Symbols/5-7.3.1.dwg,NFPA Alternate Fire Safety Symbols — 5-7.3.1,,
One-Line Riser Diagrams,FRISER,One-Line Riser Diagrams/FRISER.dwg,One-Line Riser Diagrams — FRISER,A=F; D=F; E=F; F=F; H=F; S=F,
One-Line Riser Diagrams,one-line,One-Line Riser Diagrams/one-line.dwg,One-Line Riser Diagrams — one-line,2=1; 5=1; E=E; L=L; N=N,125=; 150=; 250=
Schedules,Feeder Schedule,Schedules/Feeder Schedule.dwg,Schedules — Feeder Schedule,,
Schedules,Lighting Fixture Schedule,Schedules/Lighting Fixture Schedule.dwg,Schedules — Lighting Fixture Schedule,,
Schedules,Mechanical Equipment Schedule,Schedules/Mechanical Equipment Schedule.dwg,Schedules — Mechanical Equipment Schedule,,
Schedules,Panel Schedule,Schedules/Panel Schedule.dwg,Schedules — Panel Schedule,,
Schedules,Transformer Schedule,Schedules/Transformer Schedule.dwg,Schedules — Transformer Schedule,,
